Responder,Movies,Rating
Person1,The Odyssey,3
Person1,Spider-Man: Brand New Day,4
Person1,Toy Story 5,5
Person1,Obsession,2
Person1,Michael,3
Person1,The Devil Wears Prada 2,2
Person2,The Odyssey,5
Person2,Spider-Man: Brand New Day,5
Person2,Obsession,4
Person3,The Odyssey,5
Person3,Spider-Man: Brand New Day,4
Person3,Toy Story 5,5
Person3,Obsession,3
Person3,Michael,5
Person3,The Devil Wears Prada 2,5
Person4,The Odyssey,4
Person4,Spider-Man: Brand New Day,4
Person4,Toy Story 5,3
Person4,Obsession,3
Person4,Michael,5
Person4,The Devil Wears Prada 2,4
Person5,The Odyssey,5
Person5,Spider-Man: Brand New Day,5
Person5,Toy Story 5,4
Person5,Obsession,3
Person5,Michael,4
Person5,The Devil Wears Prada 2,4
Person6,Spider-Man: Brand New Day,4
Person6,Obsession,5
,,
Person7,Spider-Man: Brand New Day,4
Person7,The Odyssey,4
Person7,Dune: Part 2,2
Person7,Oppenheimer,4
Person7,The Batman,2
Person7,Dune,1
Person8,Spider-Man: Brand New Day,4
Person8,Oppenheimer,4
Person8,The Batman,3
Person9,Spider-Man: Brand New Day,5
Person9,The Odyssey,5
Person9,Dune: Part 2,5
Person9,Oppenheimer,5
Person9,The Batman,4
Person9,Dune,3
Person10,Spider-Man: Brand New Day,2
Person10,The Odyssey,4
Person10,Dune: Part 2,4
Person10,The Batman,1
Person10,Dune,5
Person11,Spider-Man: Brand New Day,5
Person11,The Odyssey,5
Person11,Dune,1
Person12,Spider-Man: Brand New Day,5